"Program","Year","Period","Week Ending","Geo Level","State","State ANSI","Ag District","Ag District Code","County","County ANSI","Zip Code","Region","watershed_code","Watershed","Commodity","Data Item","Domain","Domain Category","Value","CV (%)"
"SURVEY","2022","YEAR","","COUNTY","ILLINOIS","17","","99","OTHER COUNTIES","","","","00000000","","SOYBEANS","SOYBEANS - YIELD, MEASURED IN BU / ACRE","TOTAL","NOT SPECIFIED","60.6","1.3"
"SURVEY","2022","YEAR","","COUNTY","ILLINOIS","17","CENTRAL","40","DE WITT","039","","","00000000","","SOYBEANS","SOYBEANS - YIELD, MEASURED IN BU / ACRE","TOTAL","NOT SPECIFIED","68","2.7"
"SURVEY","2022","YEAR","","COUNTY","ILLINOIS","17","CENTRAL","40","LOGAN","107","","","00000000","","SOYBEANS","SOYBEANS - YIELD, MEASURED IN BU / ACRE","TOTAL","NOT SPECIFIED","71.8","1.6"
"SURVEY","2022","YEAR","","COUNTY","ILLINOIS","17","CENTRAL","40","MACON","115","","","00000000","","SOYBEANS","SOYBEANS - YIELD, MEASURED IN BU / ACRE","TOTAL","NOT SPECIFIED","73.8","1.2"
"SURVEY","2022","YEAR","","COUNTY","ILLINOIS","17","CENTRAL","40","MARSHALL","123","","","00000000","","SOYBEANS","SOYBEANS - YIELD, MEASURED IN BU / ACRE","TOTAL","NOT SPECIFIED","64.1","2.8"
"SURVEY","2022","YEAR","","COUNTY","ILLINOIS","17","CENTRAL","40","MASON","125","","","00000000","","SOYBEANS","SOYBEANS - YIELD, MEASURED IN BU / ACRE","TOTAL","NOT SPECIFIED","62.6","1.9"
"SURVEY","2022","YEAR","","COUNTY","ILLINOIS","17","CENTRAL","40","MCLEAN","113","","","00000000","","SOYBEANS","SOYBEANS - YIELD, MEASURED IN BU / ACRE","TOTAL","NOT SPECIFIED","68.8","2.0"
"SURVEY","2022","YEAR","","COUNTY","ILLINOIS","17","CENTRAL","40","MENARD","129","","","00000000","","SOYBEANS","SOYBEANS - YIELD, MEASURED IN BU / ACRE","TOTAL","NOT SPECIFIED","67.9","3.4"
"SURVEY","2022","YEAR","","COUNTY","ILLINOIS","17","CENTRAL","40","PEORIA","143","","","00000000","","SOYBEANS","SOYBEANS - YIELD, MEASURED IN BU / ACRE","TOTAL","NOT SPECIFIED","64","2.1"
"SURVEY","2022","YEAR","","COUNTY","ILLINOIS","17","CENTRAL","40","STARK","175","","","00000000","","SOYBEANS","SOYBEANS - YIELD, MEASURED IN BU / ACRE","TOTAL","NOT SPECIFIED","70.8","1.7"
"SURVEY","2022","YEAR","","COUNTY","ILLINOIS","17","CENTRAL","40","TAZEWELL","179","","","00000000","","SOYBEANS","SOYBEANS - YIELD, MEASURED IN BU / ACRE","TOTAL","NOT SPECIFIED","71","1.6"
"SURVEY","2022","YEAR","","COUNTY","ILLINOIS","17","CENTRAL","40","WOODFORD","203","","","00000000","","SOYBEANS","SOYBEANS - YIELD, MEASURED IN BU / ACRE","TOTAL","NOT SPECIFIED","69.1","0.9"
"SURVEY","2022","YEAR","","COUNTY","ILLINOIS","17","EAST","50","CHAMPAIGN","019","","","00000000","","SOYBEANS","SOYBEANS - YIELD, MEASURED IN BU / ACRE","TOTAL","NOT SPECIFIED","69.4","1.8"
"SURVEY","2022","YEAR","","COUNTY","ILLINOIS","17","EAST","50","FORD","053","","","00000000","","SOYBEANS","SOYBEANS - YIELD, MEASURED IN BU / ACRE","TOTAL","NOT SPECIFIED","66.7","1.9"
"SURVEY","2022","YEAR","","COUNTY","ILLINOIS","17","EAST","50","IROQUOIS","075","","","00000000","","SOYBEANS","SOYBEANS - YIELD, MEASURED IN BU / ACRE","TOTAL","NOT SPECIFIED","63.8","1.8"
"SURVEY","2022","YEAR","","COUNTY","ILLINOIS","17","EAST","50","KANKAKEE","091","","","00000000","","SOYBEANS","SOYBEANS - YIELD, MEASURED IN BU / ACRE","TOTAL","NOT SPECIFIED","59.7","2.2"
"SURVEY","2022","YEAR","","COUNTY","ILLINOIS","17","EAST","50","LIVINGSTON","105","","","00000000","","SOYBEANS","SOYBEANS - YIELD, MEASURED IN BU / ACRE","TOTAL","NOT SPECIFIED","63.5","2.4"
"SURVEY","2022","YEAR","","COUNTY","ILLINOIS","17","EAST","50","PIATT","147","","","00000000","","SOYBEANS","SOYBEANS - YIELD, MEASURED IN BU / ACRE","TOTAL","NOT SPECIFIED","74.2","2.2"
"SURVEY","2022","YEAR","","COUNTY","ILLINOIS","17","EAST","50","VERMILION","183","","","00000000","","SOYBEANS","SOYBEANS - YIELD, MEASURED IN BU / ACRE","TOTAL","NOT SPECIFIED","67.6","2.5"
"SURVEY","2022","YEAR","","COUNTY","ILLINOIS","17","EAST SOUTHEAST","70","CLARK","023","","","00000000","","SOYBEANS","SOYBEANS - YIELD, MEASURED IN BU / ACRE","TOTAL","NOT SPECIFIED","61.3","3.3"
"SURVEY","2022","YEAR","","COUNTY","ILLINOIS","17","EAST SOUTHEAST","70","CLAY","025","","","00000000","","SOYBEANS","SOYBEANS - YIELD, MEASURED IN BU / ACRE","TOTAL","NOT SPECIFIED","57.3","3.6"
"SURVEY","2022","YEAR","","COUNTY","ILLINOIS","17","EAST SOUTHEAST","70","CRAWFORD","033","","","00000000","","SOYBEANS","SOYBEANS - YIELD, MEASURED IN BU / ACRE","TOTAL","NOT SPECIFIED","61.8","2.3"
"SURVEY","2022","YEAR","","COUNTY","ILLINOIS","17","EAST SOUTHEAST","70","CUMBERLAND","035","","","00000000","","SOYBEANS","SOYBEANS - YIELD, MEASURED IN BU / ACRE","TOTAL","NOT SPECIFIED","67.2","1.1"
"SURVEY","2022","YEAR","","COUNTY","ILLINOIS","17","EAST SOUTHEAST","70","DOUGLAS","041","","","00000000","","SOYBEANS","SOYBEANS - YIELD, MEASURED IN BU / ACRE","TOTAL","NOT SPECIFIED","69","1.3"
"SURVEY","2022","YEAR","","COUNTY","ILLINOIS","17","EAST SOUTHEAST","70","EDGAR","045","","","00000000","","SOYBEANS","SOYBEANS - YIELD, MEASURED IN BU / ACRE","TOTAL","NOT SPECIFIED","67.9","2.0"
"SURVEY","2022","YEAR","","COUNTY","ILLINOIS","17","EAST SOUTHEAST","70","EFFINGHAM","049","","","00000000","","SOYBEANS","SOYBEANS - YIELD, MEASURED IN BU / ACRE","TOTAL","NOT SPECIFIED","59.9","1.9"
"SURVEY","2022","YEAR","","COUNTY","ILLINOIS","17","EAST SOUTHEAST","70","JASPER","079","","","00000000","","SOYBEANS","SOYBEANS - YIELD, MEASURED IN BU / ACRE","TOTAL","NOT SPECIFIED","55.8","3.9"
"SURVEY","2022","YEAR","","COUNTY","ILLINOIS","17","EAST SOUTHEAST","70","LAWRENCE","101","","","00000000","","SOYBEANS","SOYBEANS - YIELD, MEASURED IN BU / ACRE","TOTAL","NOT SPECIFIED","58","2.5"
"SURVEY","2022","YEAR","","COUNTY","ILLINOIS","17","EAST SOUTHEAST","70","MARION","121","","","00000000","","SOYBEANS","SOYBEANS - YIELD, MEASURED IN BU / ACRE","TOTAL","NOT SPECIFIED","54.3","5.3"
"SURVEY","2022","YEAR","","COUNTY","ILLINOIS","17","EAST SOUTHEAST","70","MOULTRIE","139","","","00000000","","SOYBEANS","SOYBEANS - YIELD, MEASURED IN BU / ACRE","TOTAL","NOT SPECIFIED","65.7","2.3"
"SURVEY","2022","YEAR","","COUNTY","ILLINOIS","17","EAST SOUTHEAST","70","RICHLAND","159","","","00000000","","SOYBEANS","SOYBEANS - YIELD, MEASURED IN BU / ACRE","TOTAL","NOT SPECIFIED","56.1","3.9"
"SURVEY","2022","YEAR","","COUNTY","ILLINOIS","17","EAST SOUTHEAST","70","SHELBY","173","","","00000000","","SOYBEANS","SOYBEANS - YIELD, MEASURED IN BU / ACRE","TOTAL","NOT SPECIFIED","67.1","1.9"
"SURVEY","2022","YEAR","","COUNTY","ILLINOIS","17","NORTHEAST","20","BOONE","007","","","00000000","","SOYBEANS","SOYBEANS - YIELD, MEASURED IN BU / ACRE","TOTAL","NOT SPECIFIED","62.2","1.6"
"SURVEY","2022","YEAR","","COUNTY","ILLINOIS","17","NORTHEAST","20","DE KALB","037","","","00000000","","SOYBEANS","SOYBEANS - YIELD, MEASURED IN BU / ACRE","TOTAL","NOT SPECIFIED","64.9","2.2"
"SURVEY","2022","YEAR","","COUNTY","ILLINOIS","17","NORTHEAST","20","GRUNDY","063","","","00000000","","SOYBEANS","SOYBEANS - YIELD, MEASURED IN BU / ACRE","TOTAL","NOT SPECIFIED","63.1","2.3"
"SURVEY","2022","YEAR","","COUNTY","ILLINOIS","17","NORTHEAST","20","KANE","089","","","00000000","","SOYBEANS","SOYBEANS - YIELD, MEASURED IN BU / ACRE","TOTAL","NOT SPECIFIED","64.4","2.1"
"SURVEY","2022","YEAR","","COUNTY","ILLINOIS","17","NORTHEAST","20","LA SALLE","099","","","00000000","","SOYBEANS","SOYBEANS - YIELD, MEASURED IN BU / ACRE","TOTAL","NOT SPECIFIED","65.7","1.8"
"SURVEY","2022","YEAR","","COUNTY","ILLINOIS","17","NORTHEAST","20","LAKE","097","","","00000000","","SOYBEANS","SOYBEANS - YIELD, MEASURED IN BU / ACRE","TOTAL","NOT SPECIFIED","57.3","4.2"
"SURVEY","2022","YEAR","","COUNTY","ILLINOIS","17","NORTHEAST","20","WILL","197","","","00000000","","SOYBEANS","SOYBEANS - YIELD, MEASURED IN BU / ACRE","TOTAL","NOT SPECIFIED","57.2","3.6"
"SURVEY","2022","YEAR","","COUNTY","ILLINOIS","17","NORTHWEST","10","BUREAU","011","","","00000000","","SOYBEANS","SOYBEANS - YIELD, MEASURED IN BU / ACRE","TOTAL","NOT SPECIFIED","67.5","1.1"
"SURVEY","2022","YEAR","","COUNTY","ILLINOIS","17","NORTHWEST","10","CARROLL","015","","","00000000","","SOYBEANS","SOYBEANS - YIELD, MEASURED IN BU / ACRE","TOTAL","NOT SPECIFIED","68.9","2.1"
"SURVEY","2022","YEAR","","COUNTY","ILLINOIS","17","NORTHWEST","10","HENRY","073","","","00000000","","SOYBEANS","SOYBEANS - YIELD, MEASURED IN BU / ACRE","TOTAL","NOT SPECIFIED","66.8","2.5"
"SURVEY","2022","YEAR","","COUNTY","ILLINOIS","17","NORTHWEST","10","JO DAVIESS","085","","","00000000","","SOYBEANS","SOYBEANS - YIELD, MEASURED IN BU / ACRE","TOTAL","NOT SPECIFIED","62.6","4.1"
"SURVEY","2022","YEAR","","COUNTY","ILLINOIS","17","NORTHWEST","10","LEE","103","","","00000000","","SOYBEANS","SOYBEANS - YIELD, MEASURED IN BU / ACRE","TOTAL","NOT SPECIFIED","66.8","2.1"
"SURVEY","2022","YEAR","","COUNTY","ILLINOIS","17","NORTHWEST","10","MERCER","131","","","00000000","","SOYBEANS","SOYBEANS - YIELD, MEASURED IN BU / ACRE","TOTAL","NOT SPECIFIED","65","1.6"
"SURVEY","2022","YEAR","","COUNTY","ILLINOIS","17","NORTHWEST","10","OGLE","141","","","00000000","","SOYBEANS","SOYBEANS - YIELD, MEASURED IN BU / ACRE","TOTAL","NOT SPECIFIED","67.6","2.3"
"SURVEY","2022","YEAR","","COUNTY","ILLINOIS","17","NORTHWEST","10","PUTNAM","155","","","00000000","","SOYBEANS","SOYBEANS - YIELD, MEASURED IN BU / ACRE","TOTAL","NOT SPECIFIED","64.6","2.7"
"SURVEY","2022","YEAR","","COUNTY","ILLINOIS","17","NORTHWEST","10","ROCK ISLAND","161","","","00000000","","SOYBEANS","SOYBEANS - YIELD, MEASURED IN BU / ACRE","TOTAL","NOT SPECIFIED","66.3","2.8"
"SURVEY","2022","YEAR","","COUNTY","ILLINOIS","17","NORTHWEST","10","STEPHENSON","177","","","00000000","","SOYBEANS","SOYBEANS - YIELD, MEASURED IN BU / ACRE","TOTAL","NOT SPECIFIED","62.3","4.5"
"SURVEY","2022","YEAR","","COUNTY","ILLINOIS","17","NORTHWEST","10","WHITESIDE","195","","","00000000","","SOYBEANS","SOYBEANS - YIELD, MEASURED IN BU / ACRE","TOTAL","NOT SPECIFIED","66.4","1.5"
"SURVEY","2022","YEAR","","COUNTY","ILLINOIS","17","NORTHWEST","10","WINNEBAGO","201","","","00000000","","SOYBEANS","SOYBEANS - YIELD, MEASURED IN BU / ACRE","TOTAL","NOT SPECIFIED","62.8","2.7"
"SURVEY","2022","YEAR","","COUNTY","ILLINOIS","17","SOUTHEAST","90","EDWARDS","047","","","00000000","","SOYBEANS","SOYBEANS - YIELD, MEASURED IN BU / ACRE","TOTAL","NOT SPECIFIED","53.5","5.1"
"SURVEY","2022","YEAR","","COUNTY","ILLINOIS","17","SOUTHEAST","90","FRANKLIN","055","","","00000000","","SOYBEANS","SOYBEANS - YIELD, MEASURED IN BU / ACRE","TOTAL","NOT SPECIFIED","47","3.2"
"SURVEY","2022","YEAR","","COUNTY","ILLINOIS","17","SOUTHEAST","90","GALLATIN","059","","","00000000","","SOYBEANS","SOYBEANS - YIELD, MEASURED IN BU / ACRE","TOTAL","NOT SPECIFIED","55.3","4.8"
"SURVEY","2022","YEAR","","COUNTY","ILLINOIS","17","SOUTHEAST","90","HAMILTON","065","","","00000000","","SOYBEANS","SOYBEANS - YIELD, MEASURED IN BU / ACRE","TOTAL","NOT SPECIFIED","50.2","2.5"
"SURVEY","2022","YEAR","","COUNTY","ILLINOIS","17","SOUTHEAST","90","JEFFERSON","081","","","00000000","","SOYBEANS","SOYBEANS - YIELD, MEASURED IN BU / ACRE","TOTAL","NOT SPECIFIED","48.1","2.6"
"SURVEY","2022","YEAR","","COUNTY","ILLINOIS","17","SOUTHEAST","90","MASSAC","127","","","00000000","","SOYBEANS","SOYBEANS - YIELD, MEASURED IN BU / ACRE","TOTAL","NOT SPECIFIED","50","2.9"
"SURVEY","2022","YEAR","","COUNTY","ILLINOIS","17","SOUTHEAST","90","SALINE","165","","","00000000","","SOYBEANS","SOYBEANS - YIELD, MEASURED IN BU / ACRE","TOTAL","NOT SPECIFIED","52.8","3.9"
"SURVEY","2022","YEAR","","COUNTY","ILLINOIS","17","SOUTHEAST","90","WABASH","185","","","00000000","","SOYBEANS","SOYBEANS - YIELD, MEASURED IN BU / ACRE","TOTAL","NOT SPECIFIED","58.1","2.6"
"SURVEY","2022","YEAR","","COUNTY","ILLINOIS","17","SOUTHEAST","90","WAYNE","191","","","00000000","","SOYBEANS","SOYBEANS - YIELD, MEASURED IN BU / ACRE","TOTAL","NOT SPECIFIED","56.4","3.6"
"SURVEY","2022","YEAR","","COUNTY","ILLINOIS","17","SOUTHEAST","90","WHITE","193","","","00000000","","SOYBEANS","SOYBEANS - YIELD, MEASURED IN BU / ACRE","TOTAL","NOT SPECIFIED","54.5","2.1"
"SURVEY","2022","YEAR","","COUNTY","ILLINOIS","17","SOUTHWEST","80","ALEXANDER","003","","","00000000","","SOYBEANS","SOYBEANS - YIELD, MEASURED IN BU / ACRE","TOTAL","NOT SPECIFIED","51.3","2.4"
"SURVEY","2022","YEAR","","COUNTY","ILLINOIS","17","SOUTHWEST","80","CLINTON","027","","","00000000","","SOYBEANS","SOYBEANS - YIELD, MEASURED IN BU / ACRE","TOTAL","NOT SPECIFIED","54.6","2.4"
"SURVEY","2022","YEAR","","COUNTY","ILLINOIS","17","SOUTHWEST","80","JACKSON","077","","","00000000","","SOYBEANS","SOYBEANS - YIELD, MEASURED IN BU / ACRE","TOTAL","NOT SPECIFIED","51.1","3.6"
"SURVEY","2022","YEAR","","COUNTY","ILLINOIS","17","SOUTHWEST","80","JOHNSON","087","","","00000000","","SOYBEANS","SOYBEANS - YIELD, MEASURED IN BU / ACRE","TOTAL","NOT SPECIFIED","45.1","4.5"
"SURVEY","2022","YEAR","","COUNTY","ILLINOIS","17","SOUTHWEST","80","MONROE","133","","","00000000","","SOYBEANS","SOYBEANS - YIELD, MEASURED IN BU / ACRE","TOTAL","NOT SPECIFIED","53.1","3.5"
"SURVEY","2022","YEAR","","COUNTY","ILLINOIS","17","SOUTHWEST","80","PERRY","145","","","00000000","","SOYBEANS","SOYBEANS - YIELD, MEASURED IN BU / ACRE","TOTAL","NOT SPECIFIED","43.4","2.9"
"SURVEY","2022","YEAR","","COUNTY","ILLINOIS","17","SOUTHWEST","80","PULASKI","153","","","00000000","","SOYBEANS","SOYBEANS - YIELD, MEASURED IN BU / ACRE","TOTAL","NOT SPECIFIED","53.5","3.3"
"SURVEY","2022","YEAR","","COUNTY","ILLINOIS","17","SOUTHWEST","80","RANDOLPH","157","","","00000000","","SOYBEANS","SOYBEANS - YIELD, MEASURED IN BU / ACRE","TOTAL","NOT SPECIFIED","50.3","3.3"
"SURVEY","2022","YEAR","","COUNTY","ILLINOIS","17","SOUTHWEST","80","ST CLAIR","163","","","00000000","","SOYBEANS","SOYBEANS - YIELD, MEASURED IN BU / ACRE","TOTAL","NOT SPECIFIED","53.6","3.3"
"SURVEY","2022","YEAR","","COUNTY","ILLINOIS","17","SOUTHWEST","80","UNION","181","","","00000000","","SOYBEANS","SOYBEANS - YIELD, MEASURED IN BU / ACRE","TOTAL","NOT SPECIFIED","48","4.8"
"SURVEY","2022","YEAR","","COUNTY","ILLINOIS","17","SOUTHWEST","80","WASHINGTON","189","","","00000000","","SOYBEANS","SOYBEANS - YIELD, MEASURED IN BU / ACRE","TOTAL","NOT SPECIFIED","50.5","3.0"
"SURVEY","2022","YEAR","","COUNTY","ILLINOIS","17","SOUTHWEST","80","WILLIAMSON","199","","","00000000","","SOYBEANS","SOYBEANS - YIELD, MEASURED IN BU / ACRE","TOTAL","NOT SPECIFIED","45.9","3.4"
"SURVEY","2022","YEAR","","COUNTY","ILLINOIS","17","WEST","30","ADAMS","001","","","00000000","","SOYBEANS","SOYBEANS - YIELD, MEASURED IN BU / ACRE","TOTAL","NOT SPECIFIED","61.2","4.6"
"SURVEY","2022","YEAR","","COUNTY","ILLINOIS","17","WEST","30","BROWN","009","","","00000000","","SOYBEANS","SOYBEANS - YIELD, MEASURED IN BU / ACRE","TOTAL","NOT SPECIFIED","64.4","1.8"
"SURVEY","2022","YEAR","","COUNTY","ILLINOIS","17","WEST","30","FULTON","057","","","00000000","","SOYBEANS","SOYBEANS - YIELD, MEASURED IN BU / ACRE","TOTAL","NOT SPECIFIED","62.5","2.5"
"SURVEY","2022","YEAR","","COUNTY","ILLINOIS","17","WEST","30","HANCOCK","067","","","00000000","","SOYBEANS","SOYBEANS - YIELD, MEASURED IN BU / ACRE","TOTAL","NOT SPECIFIED","67.6","2.1"
"SURVEY","2022","YEAR","","COUNTY","ILLINOIS","17","WEST","30","HENDERSON","071","","","00000000","","SOYBEANS","SOYBEANS - YIELD, MEASURED IN BU / ACRE","TOTAL","NOT SPECIFIED","67.2","2.1"
"SURVEY","2022","YEAR","","COUNTY","ILLINOIS","17","WEST","30","KNOX","095","","","00000000","","SOYBEANS","SOYBEANS - YIELD, MEASURED IN BU / ACRE","TOTAL","NOT SPECIFIED","67","1.3"
"SURVEY","2022","YEAR","","COUNTY","ILLINOIS","17","WEST","30","MCDONOUGH","109","","","00000000","","SOYBEANS","SOYBEANS - YIELD, MEASURED IN BU / ACRE","TOTAL","NOT SPECIFIED","66.3","2.0"
"SURVEY","2022","YEAR","","COUNTY","ILLINOIS","17","WEST","30","SCHUYLER","169","","","00000000","","SOYBEANS","SOYBEANS - YIELD, MEASURED IN BU / ACRE","TOTAL","NOT SPECIFIED","63.1","2.4"
"SURVEY","2022","YEAR","","COUNTY","ILLINOIS","17","WEST","30","WARREN","187","","","00000000","","SOYBEANS","SOYBEANS - YIELD, MEASURED IN BU / ACRE","TOTAL","NOT SPECIFIED","64.5","3.9"
"SURVEY","2022","YEAR","","COUNTY","ILLINOIS","17","WEST SOUTHWEST","60","BOND","005","","","00000000","","SOYBEANS","SOYBEANS - YIELD, MEASURED IN BU / ACRE","TOTAL","NOT SPECIFIED","58.6","2.4"
"SURVEY","2022","YEAR","","COUNTY","ILLINOIS","17","WEST SOUTHWEST","60","CALHOUN","013","","","00000000","","SOYBEANS","SOYBEANS - YIELD, MEASURED IN BU / ACRE","TOTAL","NOT SPECIFIED","57.8","2.4"
"SURVEY","2022","YEAR","","COUNTY","ILLINOIS","17","WEST SOUTHWEST","60","CASS","017","","","00000000","","SOYBEANS","SOYBEANS - YIELD, MEASURED IN BU / ACRE","TOTAL","NOT SPECIFIED","64.6","3.8"
"SURVEY","2022","YEAR","","COUNTY","ILLINOIS","17","WEST SOUTHWEST","60","CHRISTIAN","021","","","00000000","","SOYBEANS","SOYBEANS - YIELD, MEASURED IN BU / ACRE","TOTAL","NOT SPECIFIED","69.5","1.5"
"SURVEY","2022","YEAR","","COUNTY","ILLINOIS","17","WEST SOUTHWEST","60","GREENE","061","","","00000000","","SOYBEANS","SOYBEANS - YIELD, MEASURED IN BU / ACRE","TOTAL","NOT SPECIFIED","66.6","3.1"
"SURVEY","2022","YEAR","","COUNTY","ILLINOIS","17","WEST SOUTHWEST","60","JERSEY","083","","","00000000","","SOYBEANS","SOYBEANS - YIELD, MEASURED IN BU / ACRE","TOTAL","NOT SPECIFIED","63.2","3.2"
"SURVEY","2022","YEAR","","COUNTY","ILLINOIS","17","WEST SOUTHWEST","60","MACOUPIN","117","","","00000000","","SOYBEANS","SOYBEANS - YIELD, MEASURED IN BU / ACRE","TOTAL","NOT SPECIFIED","65.1","1.9"
"SURVEY","2022","YEAR","","COUNTY","ILLINOIS","17","WEST SOUTHWEST","60","MADISON","119","","","00000000","","SOYBEANS","SOYBEANS - YIELD, MEASURED IN BU / ACRE","TOTAL","NOT SPECIFIED","59.6","2.0"
"SURVEY","2022","YEAR","","COUNTY","ILLINOIS","17","WEST SOUTHWEST","60","MONTGOMERY","135","","","00000000","","SOYBEANS","SOYBEANS - YIELD, MEASURED IN BU / ACRE","TOTAL","NOT SPECIFIED","68.6","1.4"
"SURVEY","2022","YEAR","","COUNTY","ILLINOIS","17","WEST SOUTHWEST","60","MORGAN","137","","","00000000","","SOYBEANS","SOYBEANS - YIELD, MEASURED IN BU / ACRE","TOTAL","NOT SPECIFIED","70","1.5"
"SURVEY","2022","YEAR","","COUNTY","ILLINOIS","17","WEST SOUTHWEST","60","SANGAMON","167","","","00000000","","SOYBEANS","SOYBEANS - YIELD, MEASURED IN BU / ACRE","TOTAL","NOT SPECIFIED","72.7","1.9"
"SURVEY","2022","YEAR","","COUNTY","ILLINOIS","17","WEST SOUTHWEST","60","SCOTT","171","","","00000000","","SOYBEANS","SOYBEANS - YIELD, MEASURED IN BU / ACRE","TOTAL","NOT SPECIFIED","72.1","1.2"
"SURVEY","2022","YEAR","","COUNTY","MISSOURI","29","","99","OTHER COUNTIES","","","","00000000","","SOYBEANS","SOYBEANS - YIELD, MEASURED IN BU / ACRE","TOTAL","NOT SPECIFIED","49","1.1"
"SURVEY","2022","YEAR","","COUNTY","MISSOURI","29","CENTRAL","50","BENTON","015","","","00000000","","SOYBEANS","SOYBEANS - YIELD, MEASURED IN BU / ACRE","TOTAL","NOT SPECIFIED","47.1","5.8"
"SURVEY","2022","YEAR","","COUNTY","MISSOURI","29","CENTRAL","50","BOONE","019","","","00000000","","SOYBEANS","SOYBEANS - YIELD, MEASURED IN BU / ACRE","TOTAL","NOT SPECIFIED","40.6","9.4"
"SURVEY","2022","YEAR","","COUNTY","MISSOURI","29","CENTRAL","50","CALLAWAY","027","","","00000000","","SOYBEANS","SOYBEANS - YIELD, MEASURED IN BU / ACRE","TOTAL","NOT SPECIFIED","49.4","3.1"
"SURVEY","2022","YEAR","","COUNTY","MISSOURI","29","CENTRAL","50","COLE","051","","","00000000","","SOYBEANS","SOYBEANS - YIELD, MEASURED IN BU / ACRE","TOTAL","NOT SPECIFIED","46.8","4.6"
"SURVEY","2022","YEAR","","COUNTY","MISSOURI","29","CENTRAL","50","DALLAS","059","","","00000000","","SOYBEANS","SOYBEANS - YIELD, MEASURED IN BU / ACRE","TOTAL","NOT SPECIFIED","30.3","10.4"
"SURVEY","2022","YEAR","","COUNTY","MISSOURI","29","CENTRAL","50","HICKORY","085","","","00000000","","SOYBEANS","SOYBEANS - YIELD, MEASURED IN BU / ACRE","TOTAL","NOT SPECIFIED","28.3","5.1"
"SURVEY","2022","YEAR","","COUNTY","MISSOURI","29","CENTRAL","50","HOWARD","089","","","00000000","","SOYBEANS","SOYBEANS - YIELD, MEASURED IN BU / ACRE","TOTAL","NOT SPECIFIED","39.6","9.5"
"SURVEY","2022","YEAR","","COUNTY","MISSOURI","29","CENTRAL","50","MARIES","125","","","00000000","","SOYBEANS","SOYBEANS - YIELD, MEASURED IN BU / ACRE","TOTAL","NOT SPECIFIED","38.2","7.0"
"SURVEY","2022","YEAR","","COUNTY","MISSOURI","29","CENTRAL","50","MILLER","131","","","00000000","","SOYBEANS","SOYBEANS - YIELD, MEASURED IN BU / ACRE","TOTAL","NOT SPECIFIED","47.8","7.7"
"SURVEY","2022","YEAR","","COUNTY","MISSOURI","29","CENTRAL","50","MONITEAU","135","","","00000000","","SOYBEANS","SOYBEANS - YIELD, MEASURED IN BU / ACRE","TOTAL","NOT SPECIFIED","41","4.0"
"SURVEY","2022","YEAR","","COUNTY","MISSOURI","29","CENTRAL","50","MORGAN","141","","","00000000","","SOYBEANS","SOYBEANS - YIELD, MEASURED IN BU / ACRE","TOTAL","NOT SPECIFIED","40.4","6.3"
"SURVEY","2022","YEAR","","COUNTY","MISSOURI","29","CENTRAL","50","OSAGE","151","","","00000000","","SOYBEANS","SOYBEANS - YIELD, MEASURED IN BU / ACRE","TOTAL","NOT SPECIFIED","41","6.1"
"SURVEY","2022","YEAR","","COUNTY","MISSOURI","29","CENTRAL","50","PETTIS","159","","","00000000","","SOYBEANS","SOYBEANS - YIELD, MEASURED IN BU / ACRE","TOTAL","NOT SPECIFIED","43.1","4.4"
"SURVEY","2022","YEAR","","COUNTY","MISSOURI","29","CENTRAL","50","POLK","167","","","00000000","","SOYBEANS","SOYBEANS - YIELD, MEASURED IN BU / ACRE","TOTAL","NOT SPECIFIED","31.6","8.7"
"SURVEY","2022","YEAR","","COUNTY","MISSOURI","29","EAST","60","FRANKLIN","071","","","00000000","","SOYBEANS","SOYBEANS - YIELD, MEASURED IN BU / ACRE","TOTAL","NOT SPECIFIED","43.3","5.3"
"SURVEY","2022","YEAR","","COUNTY","MISSOURI","29","EAST","60","GASCONADE","073","","","00000000","","SOYBEANS","SOYBEANS - YIELD, MEASURED IN BU / ACRE","TOTAL","NOT SPECIFIED","39.1","6.8"
"SURVEY","2022","YEAR","","COUNTY","MISSOURI","29","EAST","60","JEFFERSON","099","","","00000000","","SOYBEANS","SOYBEANS - YIELD, MEASURED IN BU / ACRE","TOTAL","NOT SPECIFIED","46.5","7.3"
"SURVEY","2022","YEAR","","COUNTY","MISSOURI","29","EAST","60","LINCOLN","113","","","00000000","","SOYBEANS","SOYBEANS - YIELD, MEASURED IN BU / ACRE","TOTAL","NOT SPECIFIED","45.7","4.1"
"SURVEY","2022","YEAR","","COUNTY","MISSOURI","29","EAST","60","MONTGOMERY","139","","","00000000","","SOYBEANS","SOYBEANS - YIELD, MEASURED IN BU / ACRE","TOTAL","NOT SPECIFIED","48.8","7.6"
"SURVEY","2022","YEAR","","COUNTY","MISSOURI","29","EAST","60","PERRY","157","","","00000000","","SOYBEANS","SOYBEANS - YIELD, MEASURED IN BU / ACRE","TOTAL","NOT SPECIFIED","47.6","3.3"
"SURVEY","2022","YEAR","","COUNTY","MISSOURI","29","EAST","60","ST CHARLES","183","","","00000000","","SOYBEANS","SOYBEANS - YIELD, MEASURED IN BU / ACRE","TOTAL","NOT SPECIFIED","49.4","3.7"
"SURVEY","2022","YEAR","","COUNTY","MISSOURI","29","EAST","60","ST FRANCOIS","187","","","00000000","","SOYBEANS","SOYBEANS - YIELD, MEASURED IN BU / ACRE","TOTAL","NOT SPECIFIED","45.9","9.4"
"SURVEY","2022","YEAR","","COUNTY","MISSOURI","29","EAST","60","STE GENEVIEVE","186","","","00000000","","SOYBEANS","SOYBEANS - YIELD, MEASURED IN BU / ACRE","TOTAL","NOT SPECIFIED","52.4","1.9"
"SURVEY","2022","YEAR","","COUNTY","MISSOURI","29","EAST","60","WARREN","219","","","00000000","","SOYBEANS","SOYBEANS - YIELD, MEASURED IN BU / ACRE","TOTAL","NOT SPECIFIED","48.2","5.0"
"SURVEY","2022","YEAR","","COUNTY","MISSOURI","29","EAST","60","WASHINGTON","221","","","00000000","","SOYBEANS","SOYBEANS - YIELD, MEASURED IN BU / ACRE","TOTAL","NOT SPECIFIED","43.4","4.0"
"SURVEY","2022","YEAR","","COUNTY","MISSOURI","29","NORTH CENTRAL","20","ADAIR","001","","","00000000","","SOYBEANS","SOYBEANS - YIELD, MEASURED IN BU / ACRE","TOTAL","NOT SPECIFIED","41.7","4.6"
"SURVEY","2022","YEAR","","COUNTY","MISSOURI","29","NORTH CENTRAL","20","CARROLL","033","","","00000000","","SOYBEANS","SOYBEANS - YIELD, MEASURED IN BU / ACRE","TOTAL","NOT SPECIFIED","52.6","2.1"
"SURVEY","2022","YEAR","","COUNTY","MISSOURI","29","NORTH CENTRAL","20","GRUNDY","079","","","00000000","","SOYBEANS","SOYBEANS - YIELD, MEASURED IN BU / ACRE","TOTAL","NOT SPECIFIED","49","5.0"
"SURVEY","2022","YEAR","","COUNTY","MISSOURI","29","NORTH CENTRAL","20","LINN","115","","","00000000","","SOYBEANS","SOYBEANS - YIELD, MEASURED IN BU / ACRE","TOTAL","NOT SPECIFIED","46.2","4.5"
"SURVEY","2022","YEAR","","COUNTY","MISSOURI","29","NORTH CENTRAL","20","LIVINGSTON","117","","","00000000","","SOYBEANS","SOYBEANS - YIELD, MEASURED IN BU / ACRE","TOTAL","NOT SPECIFIED","51.5","2.3"
"SURVEY","2022","YEAR","","COUNTY","MISSOURI","29","NORTH CENTRAL","20","MERCER","129","","","00000000","","SOYBEANS","SOYBEANS - YIELD, MEASURED IN BU / ACRE","TOTAL","NOT SPECIFIED","46.2","5.3"
"SURVEY","2022","YEAR","","COUNTY","MISSOURI","29","NORTH CENTRAL","20","RANDOLPH","175","","","00000000","","SOYBEANS","SOYBEANS - YIELD, MEASURED IN BU / ACRE","TOTAL","NOT SPECIFIED","44.5","3.8"
"SURVEY","2022","YEAR","","COUNTY","MISSOURI","29","NORTH CENTRAL","20","SCHUYLER","197","","","00000000","","SOYBEANS","SOYBEANS - YIELD, MEASURED IN BU / ACRE","TOTAL","NOT SPECIFIED","40","4.6"
"SURVEY","2022","YEAR","","COUNTY","MISSOURI","29","NORTH CENTRAL","20","SULLIVAN","211","","","00000000","","SOYBEANS","SOYBEANS - YIELD, MEASURED IN BU / ACRE","TOTAL","NOT SPECIFIED","40.6","3.4"
"SURVEY","2022","YEAR","","COUNTY","MISSOURI","29","NORTHEAST","30","AUDRAIN","007","","","00000000","","SOYBEANS","SOYBEANS - YIELD, MEASURED IN BU / ACRE","TOTAL","NOT SPECIFIED","46.5","4.2"
"SURVEY","2022","YEAR","","COUNTY","MISSOURI","29","NORTHEAST","30","KNOX","103","","","00000000","","SOYBEANS","SOYBEANS - YIELD, MEASURED IN BU / ACRE","TOTAL","NOT SPECIFIED","42.8","4.4"
"SURVEY","2022","YEAR","","COUNTY","MISSOURI","29","NORTHEAST","30","LEWIS","111","","","00000000","","SOYBEANS","SOYBEANS - YIELD, MEASURED IN BU / ACRE","TOTAL","NOT SPECIFIED","41.8","4.5"
"SURVEY","2022","YEAR","","COUNTY","MISSOURI","29","NORTHEAST","30","MARION","127","","","00000000","","SOYBEANS","SOYBEANS - YIELD, MEASURED IN BU / ACRE","TOTAL","NOT SPECIFIED","46.8","2.5"
"SURVEY","2022","YEAR","","COUNTY","MISSOURI","29","NORTHEAST","30","MONROE","137","","","00000000","","SOYBEANS","SOYBEANS - YIELD, MEASURED IN BU / ACRE","TOTAL","NOT SPECIFIED","47.1","3.3"
"SURVEY","2022","YEAR","","COUNTY","MISSOURI","29","NORTHEAST","30","PIKE","163","","","00000000","","SOYBEANS","SOYBEANS - YIELD, MEASURED IN BU / ACRE","TOTAL","NOT SPECIFIED","47","6.7"
"SURVEY","2022","YEAR","","COUNTY","MISSOURI","29","NORTHEAST","30","RALLS","173","","","00000000","","SOYBEANS","SOYBEANS - YIELD, MEASURED IN BU / ACRE","TOTAL","NOT SPECIFIED","49.2","3.1"
"SURVEY","2022","YEAR","","COUNTY","MISSOURI","29","NORTHEAST","30","SCOTLAND","199","","","00000000","","SOYBEANS","SOYBEANS - YIELD, MEASURED IN BU / ACRE","TOTAL","NOT SPECIFIED","42","4.6"
"SURVEY","2022","YEAR","","COUNTY","MISSOURI","29","NORTHEAST","30","SHELBY","205","","","00000000","","SOYBEANS","SOYBEANS - YIELD, MEASURED IN BU / ACRE","TOTAL","NOT SPECIFIED","44","6.1"
"SURVEY","2022","YEAR","","COUNTY","MISSOURI","29","NORTHWEST","10","ATCHISON","005","","","00000000","","SOYBEANS","SOYBEANS - YIELD, MEASURED IN BU / ACRE","TOTAL","NOT SPECIFIED","53.2","4.4"
"SURVEY","2022","YEAR","","COUNTY","MISSOURI","29","NORTHWEST","10","CALDWELL","025","","","00000000","","SOYBEANS","SOYBEANS - YIELD, MEASURED IN BU / ACRE","TOTAL","NOT SPECIFIED","42","4.7"
"SURVEY","2022","YEAR","","COUNTY","MISSOURI","29","NORTHWEST","10","CLINTON","049","","","00000000","","SOYBEANS","SOYBEANS - YIELD, MEASURED IN BU / ACRE","TOTAL","NOT SPECIFIED","48.5","6.2"
"SURVEY","2022","YEAR","","COUNTY","MISSOURI","29","NORTHWEST","10","DE KALB","063","","","00000000","","SOYBEANS","SOYBEANS - YIELD, MEASURED IN BU / ACRE","TOTAL","NOT SPECIFIED","42.7","5.5"
"SURVEY","2022","YEAR","","COUNTY","MISSOURI","29","NORTHWEST","10","GENTRY","075","","","00000000","","SOYBEANS","SOYBEANS - YIELD, MEASURED IN BU / ACRE","TOTAL","NOT SPECIFIED","42","6.3"
"SURVEY","2022","YEAR","","COUNTY","MISSOURI","29","NORTHWEST","10","PLATTE","165","","","00000000","","SOYBEANS","SOYBEANS - YIELD, MEASURED IN BU / ACRE","TOTAL","NOT SPECIFIED","47.4","4.7"
"SURVEY","2022","YEAR","","COUNTY","MISSOURI","29","NORTHWEST","10","RAY","177","","","00000000","","SOYBEANS","SOYBEANS - YIELD, MEASURED IN BU / ACRE","TOTAL","NOT SPECIFIED","46.4","4.3"
"SURVEY","2022","YEAR","","COUNTY","MISSOURI","29","NORTHWEST","10","WORTH","227","","","00000000","","SOYBEANS","SOYBEANS - YIELD, MEASURED IN BU / ACRE","TOTAL","NOT SPECIFIED","46.3","3.4"
"SURVEY","2022","YEAR","","COUNTY","MISSOURI","29","SOUTH CENTRAL","80","BOLLINGER","017","","","00000000","","SOYBEANS","SOYBEANS - YIELD, MEASURED IN BU / ACRE","TOTAL","NOT SPECIFIED","44.6","4.3"
"SURVEY","2022","YEAR","","COUNTY","MISSOURI","29","SOUTH CENTRAL","80","WEBSTER","225","","","00000000","","SOYBEANS","SOYBEANS - YIELD, MEASURED IN BU / ACRE","TOTAL","NOT SPECIFIED","30.1","14.2"
"SURVEY","2022","YEAR","","COUNTY","MISSOURI","29","SOUTHEAST","90","BUTLER","023","","","00000000","","SOYBEANS","SOYBEANS - YIELD, MEASURED IN BU / ACRE","TOTAL","NOT SPECIFIED","53.3","3.2"
"SURVEY","2022","YEAR","","COUNTY","MISSOURI","29","SOUTHEAST","90","CAPE GIRARDEAU","031","","","00000000","","SOYBEANS","SOYBEANS - YIELD, MEASURED IN BU / ACRE","TOTAL","NOT SPECIFIED","48.6","5.8"
"SURVEY","2022","YEAR","","COUNTY","MISSOURI","29","SOUTHEAST","90","DUNKLIN","069","","","00000000","","SOYBEANS","SOYBEANS - YIELD, MEASURED IN BU / ACRE","TOTAL","NOT SPECIFIED","46.5","4.6"
"SURVEY","2022","YEAR","","COUNTY","MISSOURI","29","SOUTHEAST","90","MISSISSIPPI","133","","","00000000","","SOYBEANS","SOYBEANS - YIELD, MEASURED IN BU / ACRE","TOTAL","NOT SPECIFIED","58.1","2.7"
"SURVEY","2022","YEAR","","COUNTY","MISSOURI","29","SOUTHEAST","90","NEW MADRID","143","","","00000000","","SOYBEANS","SOYBEANS - YIELD, MEASURED IN BU / ACRE","TOTAL","NOT SPECIFIED","50.1","3.7"
"SURVEY","2022","YEAR","","COUNTY","MISSOURI","29","SOUTHEAST","90","PEMISCOT","155","","","00000000","","SOYBEANS","SOYBEANS - YIELD, MEASURED IN BU / ACRE","TOTAL","NOT SPECIFIED","47.8","2.2"
"SURVEY","2022","YEAR","","COUNTY","MISSOURI","29","SOUTHEAST","90","SCOTT","201","","","00000000","","SOYBEANS","SOYBEANS - YIELD, MEASURED IN BU / ACRE","TOTAL","NOT SPECIFIED","47.1","6.9"
"SURVEY","2022","YEAR","","COUNTY","MISSOURI","29","SOUTHEAST","90","STODDARD","207","","","00000000","","SOYBEANS","SOYBEANS - YIELD, MEASURED IN BU / ACRE","TOTAL","NOT SPECIFIED","47.4","4.3"
"SURVEY","2022","YEAR","","COUNTY","MISSOURI","29","SOUTHWEST","70","BARTON","011","","","00000000","","SOYBEANS","SOYBEANS - YIELD, MEASURED IN BU / ACRE","TOTAL","NOT SPECIFIED","20.6","9.1"
"SURVEY","2022","YEAR","","COUNTY","MISSOURI","29","SOUTHWEST","70","DADE","057","","","00000000","","SOYBEANS","SOYBEANS - YIELD, MEASURED IN BU / ACRE","TOTAL","NOT SPECIFIED","25.2","7.9"
"SURVEY","2022","YEAR","","COUNTY","MISSOURI","29","SOUTHWEST","70","GREENE","077","","","00000000","","SOYBEANS","SOYBEANS - YIELD, MEASURED IN BU / ACRE","TOTAL","NOT SPECIFIED","28.4","14.0"
"SURVEY","2022","YEAR","","COUNTY","MISSOURI","29","SOUTHWEST","70","JASPER","097","","","00000000","","SOYBEANS","SOYBEANS - YIELD, MEASURED IN BU / ACRE","TOTAL","NOT SPECIFIED","26.7","17.7"
"SURVEY","2022","YEAR","","COUNTY","MISSOURI","29","SOUTHWEST","70","LAWRENCE","109","","","00000000","","SOYBEANS","SOYBEANS - YIELD, MEASURED IN BU / ACRE","TOTAL","NOT SPECIFIED","30.6","3.7"
"SURVEY","2022","YEAR","","COUNTY","MISSOURI","29","SOUTHWEST","70","NEWTON","145","","","00000000","","SOYBEANS","SOYBEANS - YIELD, MEASURED IN BU / ACRE","TOTAL","NOT SPECIFIED","22.3","11.7"
"SURVEY","2022","YEAR","","COUNTY","MISSOURI","29","WEST","40","BATES","013","","","00000000","","SOYBEANS","SOYBEANS - YIELD, MEASURED IN BU / ACRE","TOTAL","NOT SPECIFIED","29.2","16.0"
"SURVEY","2022","YEAR","","COUNTY","MISSOURI","29","WEST","40","CASS","037","","","00000000","","SOYBEANS","SOYBEANS - YIELD, MEASURED IN BU / ACRE","TOTAL","NOT SPECIFIED","34.8","3.9"
"SURVEY","2022","YEAR","","COUNTY","MISSOURI","29","WEST","40","HENRY","083","","","00000000","","SOYBEANS","SOYBEANS - YIELD, MEASURED IN BU / ACRE","TOTAL","NOT SPECIFIED","37.1","7.2"
"SURVEY","2022","YEAR","","COUNTY","MISSOURI","29","WEST","40","JACKSON","095","","","00000000","","SOYBEANS","SOYBEANS - YIELD, MEASURED IN BU / ACRE","TOTAL","NOT SPECIFIED","37.5","12.6"
"SURVEY","2022","YEAR","","COUNTY","MISSOURI","29","WEST","40","JOHNSON","101","","","00000000","","SOYBEANS","SOYBEANS - YIELD, MEASURED IN BU / ACRE","TOTAL","NOT SPECIFIED","39.1","4.2"
"SURVEY","2022","YEAR","","COUNTY","MISSOURI","29","WEST","40","LAFAYETTE","107","","","00000000","","SOYBEANS","SOYBEANS - YIELD, MEASURED IN BU / ACRE","TOTAL","NOT SPECIFIED","49.4","2.8"
"SURVEY","2022","YEAR","","COUNTY","MISSOURI","29","WEST","40","ST CLAIR","185","","","00000000","","SOYBEANS","SOYBEANS - YIELD, MEASURED IN BU / ACRE","TOTAL","NOT SPECIFIED","31.9","11.8"
"SURVEY","2022","YEAR","","COUNTY","MISSOURI","29","WEST","40","VERNON","217","","","00000000","","SOYBEANS","SOYBEANS - YIELD, MEASURED IN BU / ACRE","TOTAL","NOT SPECIFIED","21.8","9.9"
